{
  "title": "Choose Your Availability",
  "description": "Description: Set your availability so that learners can easily book lessons with you. Simply select the days and times you're free, and learners will be able to see when you're available on the booking page. Don't forget to save your changes!",
  "days": [
    {
      "name": "Monday",
      "shortName": "Mon"
    },
    {
      "name": "Tuesday",
      "shortName": "Tue"
    },
    {
      "name": "Wednesday",
      "shortName": "Wed"
    },
    {
      "name": "Thursday",
      "shortName": "Thu"
    },
    {
      "name": "Friday",
      "shortName": "Fri"
    },
    {
      "name": "Saturday",
      "shortName": "Sat"
    },
    {
      "name": "Sunday",
      "shortName": "Sun"
    }
  ]
}
